{"cameraMode":{"drawMode":0,"name":"Shaded","section":"Shading Mode"},"sceneLighting":true,"audioPlay":false,"sceneViewState":{"m_AlwaysRefresh":false,"showFog":true,"showSkybox":true,"showFlares":true,"showImageEffects":true,"showParticleSystems":true,"showVisualEffectGraphs":true,"m_FxEnabled":true},"in2DMode":false,"pivot":{"x":51.91352844238281,"y":10.332354545593262,"z":21.189605712890626},"rotation":{"x":0.0819789245724678,"y":0.4732394516468048,"z":-0.04428586736321449,"w":0.8759962916374207},"size":42.419151306152347,"orthographic":false}